{"cameraMode":{"drawMode":0,"name":"Shaded","section":"Shading Mode"},"sceneLighting":false,"audioPlay":false,"sceneViewState":{"showFog":true,"showMaterialUpdate":false,"showSkybox":false,"showFlares":true,"showImageEffects":true,"showParticleSystems":true},"in2DMode":false,"pivot":{"x":-0.6563301086425781,"y":0.006084874272346497,"z":0.36011120676994326},"rotation":{"x":0.253086656332016,"y":0.5526215434074402,"z":-0.18088167905807496,"w":0.7732001543045044},"size":0.4621274769306183,"orthographic":false}