{"cameraMode":{"drawMode":0,"name":"Shaded","section":"Shading Mode"},"sceneLighting":false,"audioPlay":false,"sceneViewState":{"showFog":true,"showMaterialUpdate":false,"showSkybox":true,"showFlares":true,"showImageEffects":true,"showParticleSystems":true},"in2DMode":false,"pivot":{"x":-290.1400451660156,"y":115.51244354248047,"z":-126.25950622558594},"rotation":{"x":0.021684035658836366,"y":0.8424227237701416,"z":-0.03399010747671127,"w":0.5373067259788513},"size":68.60476684570313,"orthographic":false}