{"cameraMode":{"drawMode":0,"name":"Shaded","section":"Shading Mode"},"sceneLighting":false,"audioPlay":false,"sceneViewState":{"showFog":true,"showMaterialUpdate":false,"showSkybox":true,"showFlares":true,"showImageEffects":true,"showParticleSystems":true},"in2DMode":false,"pivot":{"x":-400.68560791015627,"y":67.76434326171875,"z":-329.88128662109377},"rotation":{"x":0.006412023212760687,"y":0.9884887933731079,"z":-0.14468124508857728,"w":0.043774597346782687},"size":30.854814529418947,"orthographic":false}