{"cameraMode":{"drawMode":0,"name":"Shaded","section":"Shading Mode"},"sceneLighting":false,"audioPlay":false,"sceneViewState":{"showFog":true,"showMaterialUpdate":false,"showSkybox":false,"showFlares":true,"showImageEffects":true,"showParticleSystems":true},"in2DMode":false,"pivot":{"x":0.02200986072421074,"y":0.307194322347641,"z":0.09953923523426056},"rotation":{"x":0.253086656332016,"y":0.5526215434074402,"z":-0.18088167905807496,"w":0.7732001543045044},"size":0.5172606110572815,"orthographic":false}