{"cameraMode":{"drawMode":0,"name":"Shaded","section":"Shading Mode"},"sceneLighting":false,"audioPlay":false,"sceneViewState":{"showFog":true,"showMaterialUpdate":false,"showSkybox":true,"showFlares":true,"showImageEffects":true,"showParticleSystems":true},"in2DMode":false,"pivot":{"x":-354.24420166015627,"y":135.49371337890626,"z":-138.233642578125},"rotation":{"x":-0.0493314154446125,"y":-0.8052792549133301,"z":0.0676729679107666,"w":-0.5869516730308533},"size":1.857348918914795,"orthographic":false}