{"cameraMode":{"drawMode":0,"name":"Shaded","section":"Shading Mode"},"sceneLighting":false,"audioPlay":false,"sceneViewState":{"showFog":true,"showMaterialUpdate":false,"showSkybox":true,"showFlares":true,"showImageEffects":true,"showParticleSystems":true},"in2DMode":false,"pivot":{"x":-403.05517578125,"y":70.67713928222656,"z":-319.1971130371094},"rotation":{"x":0.4201517403125763,"y":0.394359290599823,"z":-0.20975279808044434,"w":0.7899094820022583},"size":2.2400410175323488,"orthographic":false}