{"cameraMode":{"drawMode":0,"name":"Shaded","section":"Shading Mode"},"sceneLighting":false,"audioPlay":false,"sceneViewState":{"showFog":true,"showMaterialUpdate":false,"showSkybox":true,"showFlares":true,"showImageEffects":true,"showParticleSystems":true},"in2DMode":false,"pivot":{"x":-3.2100000381469728,"y":0.05000019073486328,"z":-3.0340001583099367},"rotation":{"x":-0.0493314154446125,"y":-0.8052792549133301,"z":0.0676729679107666,"w":-0.5869516730308533},"size":9.353809356689454,"orthographic":false}