{"cameraMode":{"drawMode":0,"name":"Shaded","section":"Shading Mode"},"sceneLighting":false,"audioPlay":false,"sceneViewState":{"showFog":true,"showMaterialUpdate":false,"showSkybox":true,"showFlares":true,"showImageEffects":true,"showParticleSystems":true},"in2DMode":false,"pivot":{"x":0.0899512767791748,"y":0.44580352306365969,"z":-0.0927743911743164},"rotation":{"x":0.12160889059305191,"y":0.7889840602874756,"z":-0.16569989919662476,"w":0.5790154933929443},"size":4.845234394073486,"orthographic":false}