{"cameraMode":{"drawMode":0,"name":"Shaded","section":"Shading Mode"},"sceneLighting":false,"audioPlay":false,"sceneViewState":{"showFog":true,"showMaterialUpdate":false,"showSkybox":false,"showFlares":true,"showImageEffects":true,"showParticleSystems":true},"in2DMode":false,"pivot":{"x":-0.765410840511322,"y":0.10638818144798279,"z":0.9135410785675049},"rotation":{"x":0.17144164443016053,"y":0.7246442437171936,"z":-0.19457736611366273,"w":0.6384655237197876},"size":0.913799524307251,"orthographic":false}