{"cameraMode":{"drawMode":0,"name":"Shaded","section":"Shading Mode"},"sceneLighting":false,"audioPlay":false,"sceneViewState":{"showFog":true,"showMaterialUpdate":false,"showSkybox":true,"showFlares":true,"showImageEffects":true,"showParticleSystems":true},"in2DMode":false,"pivot":{"x":-193.22621154785157,"y":4.185057640075684,"z":365.9541931152344},"rotation":{"x":0.08206995576620102,"y":-0.09110453724861145,"z":0.007537976838648319,"w":0.9924251437187195},"size":565.2737426757813,"orthographic":false}